"1","Николай"
"2","Егор"
"3","Александр"
"4","Кеша"
"CA","Canada","35985751"
"CN","China","1375210000"
"DE","Germany","81459000"
"er","rrr","234234"
"FR","France","64513242"
"GB","United Kingdom","65097000"
"IN","India","1285400000"
"RU","Russia","146519759"
"US","United States","322976000"
"1","1","Пирожки","2019-07-02"
"2","1","Конфеты","2019-07-02"
"3","1","Пироженки","2019-07-01"
"6","1","Конфети","2019-07-02"
"8","1","Картошка","2018-10-11"
"13","1","Всякое","2019-03-07"
"16","2","Диск","2019-01-05"
"17","2","Видео","2019-03-07"
"18","2","Битрикс","2019-10-07"
"20","2","Варенье","2019-09-07"
"21","2","Джем","2019-09-07"
